{
  "resueltos.md": 1776835368.7926168,
  "resueltos.html": 1776835374.2956526
}