{
  "README.md": 1776115852.3198335,
  "apuntes/02_Funciones_y_Tipos_de_Maquinas.md": 1776802094.1487288,
  "apuntes/05_Cook_Levin_NP_completos_coNP.md": 1776704082.0771053,
  "apuntes/03_Halt_y_Clases_P_NP.md": 1776703928.1096625,
  "apuntes/01_Representaciones_Binario_e_Intro_MT.md": 1776703826.03668,
  "apuntes/04_NTM_NP_Logica_Proposicional.md": 1776797214.451818,
  "resueltos/practica2.md": 1776831576.145662,
  "apunte CC.pdf": 1776115563.52743,
  "teoricas/clase6.pdf": 1776702989.008583,
  "teoricas/clase1.pdf": 1776702954.8744287,
  "teoricas/clase5.pdf": 1776702978.4060776,
  "teoricas/clase3.pdf": 1776702967.8969402,
  "teoricas/clase2.pdf": 1776702960.0830474,
  "teoricas/clase4.pdf": 1776702916.30475,
  "practicas/practica_1_turing_machines.pdf": 1776797196.3883061,
  "practicas/practica_2_p_y_np.pdf": 1776805539.8708274,
  "img/transiciones_mt_automatas.png": 1774037725.6815166,
  "img/codificacion_transiciones.png": 1774039368.864214
}